{
  "HTTP Request-1" : {
    "transaction" : "HTTP Request-1",
    "sampleCount" : 100,
    "errorCount" : 0,
    "errorPct" : 0.0,
    "meanResTime" : 29244.340000000015,
    "medianResTime" : 29896.5,
    "minResTime" : 16130.0,
    "maxResTime" : 36390.0,
    "pct1ResTime" : 35096.6,
    "pct2ResTime" : 35770.299999999996,
    "pct3ResTime" : 36388.76,
    "throughput" : 2.678595344601291,
    "receivedKBytesPerSec" : 4369.401107934,
    "sentKBytesPerSec" : 0.2982029973481906
  },
  "Total" : {
    "transaction" : "Total",
    "sampleCount" : 300,
    "errorCount" : 0,
    "errorPct" : 0.0,
    "meanResTime" : 19611.80666666668,
    "medianResTime" : 25731.5,
    "minResTime" : 64.0,
    "maxResTime" : 36840.0,
    "pct1ResTime" : 34959.700000000004,
    "pct2ResTime" : 35535.6,
    "pct3ResTime" : 36351.14,
    "throughput" : 8.013248570970672,
    "receivedKBytesPerSec" : 8717.05281899407,
    "sentKBytesPerSec" : 1.189466584753459
  },
  "HTTP Request-0" : {
    "transaction" : "HTTP Request-0",
    "sampleCount" : 100,
    "errorCount" : 0,
    "errorPct" : 0.0,
    "meanResTime" : 173.0,
    "medianResTime" : 140.0,
    "minResTime" : 64.0,
    "maxResTime" : 1805.0,
    "pct1ResTime" : 261.0,
    "pct2ResTime" : 324.5999999999999,
    "pct3ResTime" : 1791.639999999993,
    "throughput" : 39.65107057890563,
    "receivedKBytesPerSec" : 20.48380501586043,
    "sentKBytesPerSec" : 4.414279341792229
  },
  "HTTP Request" : {
    "transaction" : "HTTP Request",
    "sampleCount" : 100,
    "errorCount" : 0,
    "errorPct" : 0.0,
    "meanResTime" : 29418.079999999998,
    "medianResTime" : 30239.0,
    "minResTime" : 16234.0,
    "maxResTime" : 36840.0,
    "pct1ResTime" : 35312.9,
    "pct2ResTime" : 35843.5,
    "pct3ResTime" : 36835.119999999995,
    "throughput" : 2.671082856990224,
    "receivedKBytesPerSec" : 4358.526409497035,
    "sentKBytesPerSec" : 0.5947332923767294
  }
}