{
  "/bitrix/templates/aspro_max/js/setTheme.php-9" : {
    "transaction" : "/bitrix/templates/aspro_max/js/setTheme.php-9",
    "sampleCount" : 1000,
    "errorCount" : 28,
    "errorPct" : 2.8,
    "meanResTime" : 8562.078000000003,
    "medianResTime" : 2615.5,
    "minResTime" : 59.0,
    "maxResTime" : 127385.0,
    "pct1ResTime" : 16994.5,
    "pct2ResTime" : 38463.64999999999,
    "pct3ResTime" : 127206.40000000002,
    "throughput" : 3.955883981834581,
    "receivedKBytesPerSec" : 68.58761096254568,
    "sentKBytesPerSec" : 2.348806114214282
  },
  "/bitrix/templates/aspro_max/js/setTheme.php-7" : {
    "transaction" : "/bitrix/templates/aspro_max/js/setTheme.php-7",
    "sampleCount" : 1000,
    "errorCount" : 43,
    "errorPct" : 4.3,
    "meanResTime" : 10148.803000000007,
    "medianResTime" : 2292.0,
    "minResTime" : 162.0,
    "maxResTime" : 175239.0,
    "pct1ResTime" : 18581.09999999997,
    "pct2ResTime" : 62522.799999999836,
    "pct3ResTime" : 127304.9,
    "throughput" : 4.28294872453787,
    "receivedKBytesPerSec" : 73.19676482114406,
    "sentKBytesPerSec" : 2.576461342104812
  },
  "/generate_204-1" : {
    "transaction" : "/generate_204-1",
    "sampleCount" : 1000,
    "errorCount" : 1,
    "errorPct" : 0.1,
    "meanResTime" : 137.31699999999984,
    "medianResTime" : 95.0,
    "minResTime" : 68.0,
    "maxResTime" : 21024.0,
    "pct1ResTime" : 147.89999999999998,
    "pct2ResTime" : 278.6999999999996,
    "pct3ResTime" : 429.98,
    "throughput" : 46.71805652884839,
    "receivedKBytesPerSec" : 5.9079636037140855,
    "sentKBytesPerSec" : 15.633075289067975
  },
  "/bitrix/templates/aspro_max/js/setTheme.php-21" : {
    "transaction" : "/bitrix/templates/aspro_max/js/setTheme.php-21",
    "sampleCount" : 1000,
    "errorCount" : 12,
    "errorPct" : 1.2,
    "meanResTime" : 5821.2630000000045,
    "medianResTime" : 2357.0,
    "minResTime" : 56.0,
    "maxResTime" : 140845.0,
    "pct1ResTime" : 9202.8,
    "pct2ResTime" : 17828.69999999999,
    "pct3ResTime" : 126979.24000000008,
    "throughput" : 4.261430221210843,
    "receivedKBytesPerSec" : 75.01182546886386,
    "sentKBytesPerSec" : 2.530224193843938
  },
  "/bitrix/templates/aspro_max/js/setTheme.php-12" : {
    "transaction" : "/bitrix/templates/aspro_max/js/setTheme.php-12",
    "sampleCount" : 1000,
    "errorCount" : 24,
    "errorPct" : 2.4,
    "meanResTime" : 7632.6150000000025,
    "medianResTime" : 2678.0,
    "minResTime" : 56.0,
    "maxResTime" : 127385.0,
    "pct1ResTime" : 16970.1,
    "pct2ResTime" : 33220.9,
    "pct3ResTime" : 110185.63000000018,
    "throughput" : 4.001904906735606,
    "receivedKBytesPerSec" : 69.65002841352484,
    "sentKBytesPerSec" : 2.7317690720783094
  },
  "/-22" : {
    "transaction" : "/-22",
    "sampleCount" : 1000,
    "errorCount" : 4,
    "errorPct" : 0.4,
    "meanResTime" : 5610.745999999999,
    "medianResTime" : 3477.0,
    "minResTime" : 157.0,
    "maxResTime" : 127370.0,
    "pct1ResTime" : 9770.5,
    "pct2ResTime" : 17619.1,
    "pct3ResTime" : 66536.59,
    "throughput" : 4.38973854717213,
    "receivedKBytesPerSec" : 54.85930853661481,
    "sentKBytesPerSec" : 5.63721307571421
  },
  "/-20" : {
    "transaction" : "/-20",
    "sampleCount" : 1000,
    "errorCount" : 6,
    "errorPct" : 0.6,
    "meanResTime" : 5192.651999999997,
    "medianResTime" : 2427.0,
    "minResTime" : 121.0,
    "maxResTime" : 127399.0,
    "pct1ResTime" : 9182.4,
    "pct2ResTime" : 17513.35,
    "pct3ResTime" : 65491.89,
    "throughput" : 4.2378448016476735,
    "receivedKBytesPerSec" : 854.5999835386216,
    "sentKBytesPerSec" : 3.4598029825951713
  },
  "/-10" : {
    "transaction" : "/-10",
    "sampleCount" : 1000,
    "errorCount" : 31,
    "errorPct" : 3.1,
    "meanResTime" : 10191.594000000006,
    "medianResTime" : 3651.0,
    "minResTime" : 153.0,
    "maxResTime" : 169307.0,
    "pct1ResTime" : 18500.8,
    "pct2ResTime" : 35960.899999999965,
    "pct3ResTime" : 127320.99,
    "throughput" : 3.970223325062035,
    "receivedKBytesPerSec" : 48.41297301488834,
    "sentKBytesPerSec" : 4.8076923076923075
  },
  "/bitrix/templates/aspro_max/js/setTheme.php-15" : {
    "transaction" : "/bitrix/templates/aspro_max/js/setTheme.php-15",
    "sampleCount" : 1000,
    "errorCount" : 23,
    "errorPct" : 2.3,
    "meanResTime" : 8383.394999999999,
    "medianResTime" : 2806.5,
    "minResTime" : 56.0,
    "maxResTime" : 169305.0,
    "pct1ResTime" : 17137.8,
    "pct2ResTime" : 33388.55,
    "pct3ResTime" : 127297.98,
    "throughput" : 4.037141703673799,
    "receivedKBytesPerSec" : 70.33000479410578,
    "sentKBytesPerSec" : 2.4995584376261606
  },
  "/catalog/-18" : {
    "transaction" : "/catalog/-18",
    "sampleCount" : 1000,
    "errorCount" : 20,
    "errorPct" : 2.0,
    "meanResTime" : 8863.462999999998,
    "medianResTime" : 5244.0,
    "minResTime" : 224.0,
    "maxResTime" : 139339.0,
    "pct1ResTime" : 11742.3,
    "pct2ResTime" : 20872.749999999985,
    "pct3ResTime" : 127268.64,
    "throughput" : 4.148947204646821,
    "receivedKBytesPerSec" : 424.3756968934758,
    "sentKBytesPerSec" : 3.6627424541022715
  },
  "/bitrix/templates/aspro_max/js/setTheme.php-17" : {
    "transaction" : "/bitrix/templates/aspro_max/js/setTheme.php-17",
    "sampleCount" : 1000,
    "errorCount" : 20,
    "errorPct" : 2.0,
    "meanResTime" : 7641.917000000004,
    "medianResTime" : 2648.0,
    "minResTime" : 56.0,
    "maxResTime" : 150771.0,
    "pct1ResTime" : 16838.6,
    "pct2ResTime" : 33013.649999999994,
    "pct3ResTime" : 127254.91,
    "throughput" : 4.135084955320407,
    "receivedKBytesPerSec" : 72.24122638349606,
    "sentKBytesPerSec" : 2.7298021775357375
  },
  "/catalog/-16" : {
    "transaction" : "/catalog/-16",
    "sampleCount" : 1000,
    "errorCount" : 17,
    "errorPct" : 1.7,
    "meanResTime" : 9811.878000000012,
    "medianResTime" : 5394.0,
    "minResTime" : 238.0,
    "maxResTime" : 146736.0,
    "pct1ResTime" : 15789.099999999995,
    "pct2ResTime" : 35736.6,
    "pct3ResTime" : 127003.85000000024,
    "throughput" : 4.071893348969404,
    "receivedKBytesPerSec" : 486.88164402566713,
    "sentKBytesPerSec" : 3.3680602212666844
  },
  "/bitrix/templates/aspro_max/js/setTheme.php-19" : {
    "transaction" : "/bitrix/templates/aspro_max/js/setTheme.php-19",
    "sampleCount" : 1000,
    "errorCount" : 19,
    "errorPct" : 1.9,
    "meanResTime" : 6182.285999999999,
    "medianResTime" : 2431.5,
    "minResTime" : 57.0,
    "maxResTime" : 137626.0,
    "pct1ResTime" : 9027.3,
    "pct2ResTime" : 17595.049999999996,
    "pct3ResTime" : 127018.31000000019,
    "throughput" : 4.220370886193479,
    "receivedKBytesPerSec" : 73.80093328226684,
    "sentKBytesPerSec" : 2.8479260569918883
  },
  "/delivery-payment/index.php-14" : {
    "transaction" : "/delivery-payment/index.php-14",
    "sampleCount" : 1000,
    "errorCount" : 27,
    "errorPct" : 2.7,
    "meanResTime" : 7584.540000000007,
    "medianResTime" : 2393.5,
    "minResTime" : 74.0,
    "maxResTime" : 127387.0,
    "pct1ResTime" : 15975.099999999997,
    "pct2ResTime" : 32926.149999999994,
    "pct3ResTime" : 127269.82,
    "throughput" : 4.0170483532110275,
    "receivedKBytesPerSec" : 323.9778722460623,
    "sentKBytesPerSec" : 3.0559381515150297
  },
  "/-2" : {
    "transaction" : "/-2",
    "sampleCount" : 1000,
    "errorCount" : 35,
    "errorPct" : 3.5,
    "meanResTime" : 8259.069000000001,
    "medianResTime" : 3653.0,
    "minResTime" : 740.0,
    "maxResTime" : 148991.0,
    "pct1ResTime" : 9109.4,
    "pct2ResTime" : 32652.699999999997,
    "pct3ResTime" : 127455.9300000001,
    "throughput" : 6.525753887717879,
    "receivedKBytesPerSec" : 1270.4104678802394,
    "sentKBytesPerSec" : 5.232074161930057
  },
  "/upload/iblock/04b/ygy0pex9gp3ke59fpg53vugeaqft1py1.webp-13" : {
    "transaction" : "/upload/iblock/04b/ygy0pex9gp3ke59fpg53vugeaqft1py1.webp-13",
    "sampleCount" : 1000,
    "errorCount" : 0,
    "errorPct" : 0.0,