{
  "HTTP Request-1" : {
    "transaction" : "HTTP Request-1",
    "sampleCount" : 10,
    "errorCount" : 0,
    "errorPct" : 0.0,
    "meanResTime" : 3929.6,
    "medianResTime" : 3790.5,
    "minResTime" : 3534.0,
    "maxResTime" : 4630.0,
    "pct1ResTime" : 4618.3,
    "pct2ResTime" : 4630.0,
    "pct3ResTime" : 4630.0,
    "throughput" : 2.1598272138228944,
    "receivedKBytesPerSec" : 3523.171740010799,
    "sentKBytesPerSec" : 0.2404495140388769
  },
  "Total" : {
    "transaction" : "Total",
    "sampleCount" : 30,
    "errorCount" : 0,
    "errorPct" : 0.0,
    "meanResTime" : 2683.0000000000005,
    "medianResTime" : 3673.0,
    "minResTime" : 72.0,
    "maxResTime" : 4742.0,
    "pct1ResTime" : 4582.3,
    "pct2ResTime" : 4680.4,
    "pct3ResTime" : 4742.0,
    "throughput" : 6.326444538169548,
    "receivedKBytesPerSec" : 6882.0966562104595,
    "sentKBytesPerSec" : 0.9390816111345424
  },
  "HTTP Request-0" : {
    "transaction" : "HTTP Request-0",
    "sampleCount" : 10,
    "errorCount" : 0,
    "errorPct" : 0.0,
    "meanResTime" : 94.4,
    "medianResTime" : 86.0,
    "minResTime" : 72.0,
    "maxResTime" : 129.0,
    "pct1ResTime" : 128.8,
    "pct2ResTime" : 129.0,
    "pct3ResTime" : 129.0,
    "throughput" : 10.427528675703858,
    "receivedKBytesPerSec" : 5.3868776068821695,
    "sentKBytesPerSec" : 1.1608772158498437
  },
  "HTTP Request" : {
    "transaction" : "HTTP Request",
    "sampleCount" : 10,
    "errorCount" : 0,
    "errorPct" : 0.0,
    "meanResTime" : 4025.0,
    "medianResTime" : 3881.5,
    "minResTime" : 3613.0,
    "maxResTime" : 4742.0,
    "pct1ResTime" : 4726.8,
    "pct2ResTime" : 4742.0,
    "pct3ResTime" : 4742.0,
    "throughput" : 2.108814846056516,
    "receivedKBytesPerSec" : 3441.0483281052298,
    "sentKBytesPerSec" : 0.4695408055672712
  }
}