{
  "/bitrix/templates/aspro_max/js/setTheme.php-9" : {
    "transaction" : "/bitrix/templates/aspro_max/js/setTheme.php-9",
    "sampleCount" : 100,
    "errorCount" : 0,
    "errorPct" : 0.0,
    "meanResTime" : 434.87000000000006,
    "medianResTime" : 440.0,
    "minResTime" : 351.0,
    "maxResTime" : 501.0,
    "pct1ResTime" : 484.0,
    "pct2ResTime" : 489.84999999999997,
    "pct3ResTime" : 500.96,
    "throughput" : 10.833062506770665,
    "receivedKBytesPerSec" : 192.83697595060124,
    "sentKBytesPerSec" : 6.4321308633950816
  },
  "/bitrix/templates/aspro_max/js/setTheme.php-7" : {
    "transaction" : "/bitrix/templates/aspro_max/js/setTheme.php-7",
    "sampleCount" : 100,
    "errorCount" : 0,
    "errorPct" : 0.0,
    "meanResTime" : 403.8400000000001,
    "medianResTime" : 383.5,
    "minResTime" : 286.0,
    "maxResTime" : 883.0,
    "pct1ResTime" : 477.5,
    "pct2ResTime" : 512.4499999999996,
    "pct3ResTime" : 882.1099999999996,
    "throughput" : 11.325028312570781,
    "receivedKBytesPerSec" : 201.5943516421291,
    "sentKBytesPerSec" : 6.812712344280861
  },
  "/generate_204-1" : {
    "transaction" : "/generate_204-1",
    "sampleCount" : 100,
    "errorCount" : 0,
    "errorPct" : 0.0,
    "meanResTime" : 232.82999999999996,
    "medianResTime" : 179.0,
    "minResTime" : 99.0,
    "maxResTime" : 659.0,
    "pct1ResTime" : 548.8,
    "pct2ResTime" : 579.95,
    "pct3ResTime" : 658.9,
    "throughput" : 65.44502617801047,
    "receivedKBytesPerSec" : 8.116717113874346,
    "sentKBytesPerSec" : 21.921527323298427
  },
  "/bitrix/templates/aspro_max/js/setTheme.php-21" : {
    "transaction" : "/bitrix/templates/aspro_max/js/setTheme.php-21",
    "sampleCount" : 100,
    "errorCount" : 0,
    "errorPct" : 0.0,
    "meanResTime" : 645.8700000000001,
    "medianResTime" : 736.0,
    "minResTime" : 72.0,
    "maxResTime" : 1365.0,
    "pct1ResTime" : 1072.7,
    "pct2ResTime" : 1230.0499999999997,
    "pct3ResTime" : 1364.4399999999996,
    "throughput" : 8.56898029134533,
    "receivedKBytesPerSec" : 152.5345437017995,
    "sentKBytesPerSec" : 5.087832047986289
  },
  "/bitrix/templates/aspro_max/js/setTheme.php-12" : {
    "transaction" : "/bitrix/templates/aspro_max/js/setTheme.php-12",
    "sampleCount" : 100,
    "errorCount" : 0,
    "errorPct" : 0.0,
    "meanResTime" : 507.2399999999999,
    "medianResTime" : 458.0,
    "minResTime" : 243.0,
    "maxResTime" : 1446.0,
    "pct1ResTime" : 697.8000000000009,
    "pct2ResTime" : 1238.6499999999999,
    "pct3ResTime" : 1444.7199999999993,
    "throughput" : 10.766580534022395,
    "receivedKBytesPerSec" : 191.65354489664082,
    "sentKBytesPerSec" : 7.349452923126615
  },
  "/-22" : {
    "transaction" : "/-22",
    "sampleCount" : 100,
    "errorCount" : 0,
    "errorPct" : 0.0,
    "meanResTime" : 1398.1399999999999,
    "medianResTime" : 1639.5,
    "minResTime" : 194.0,
    "maxResTime" : 2849.0,
    "pct1ResTime" : 2193.1,
    "pct2ResTime" : 2308.75,
    "pct3ResTime" : 2844.649999999998,
    "throughput" : 9.38350380031904,
    "receivedKBytesPerSec" : 117.73181652904195,
    "sentKBytesPerSec" : 12.050104977948767
  },
  "/-20" : {
    "transaction" : "/-20",
    "sampleCount" : 100,
    "errorCount" : 0,
    "errorPct" : 0.0,
    "meanResTime" : 900.5999999999999,
    "medianResTime" : 927.0,
    "minResTime" : 283.0,
    "maxResTime" : 1557.0,
    "pct1ResTime" : 1351.8,
    "pct2ResTime" : 1433.5,
    "pct3ResTime" : 1556.87,
    "throughput" : 8.134049129656743,
    "receivedKBytesPerSec" : 1650.1381835143159,
    "sentKBytesPerSec" : 6.640688547258825
  },
  "/-10" : {
    "transaction" : "/-10",
    "sampleCount" : 100,
    "errorCount" : 0,
    "errorPct" : 0.0,
    "meanResTime" : 652.4399999999999,
    "medianResTime" : 575.5,
    "minResTime" : 454.0,
    "maxResTime" : 1367.0,
    "pct1ResTime" : 1010.0000000000002,
    "pct2ResTime" : 1176.6999999999998,
    "pct3ResTime" : 1366.4999999999998,
    "throughput" : 10.040160642570282,
    "receivedKBytesPerSec" : 125.93646068649598,
    "sentKBytesPerSec" : 12.158007028112449
  },
  "/bitrix/templates/aspro_max/js/setTheme.php-15" : {
    "transaction" : "/bitrix/templates/aspro_max/js/setTheme.php-15",
    "sampleCount" : 100,
    "errorCount" : 0,
    "errorPct" : 0.0,
    "meanResTime" : 576.28,
    "medianResTime" : 468.5,
    "minResTime" : 220.0,
    "maxResTime" : 1355.0,
    "pct1ResTime" : 1117.9,
    "pct2ResTime" : 1217.95,
    "pct3ResTime" : 1354.93,
    "throughput" : 10.611205432937181,
    "receivedKBytesPerSec" : 188.88774671052633,
    "sentKBytesPerSec" : 6.569828363752123
  },
  "/catalog/-18" : {
    "transaction" : "/catalog/-18",
    "sampleCount" : 100,
    "errorCount" : 0,
    "errorPct" : 0.0,
    "meanResTime" : 3399.75,
    "medianResTime" : 3478.5,
    "minResTime" : 1994.0,
    "maxResTime" : 4686.0,
    "pct1ResTime" : 4156.4,
    "pct2ResTime" : 4383.949999999999,
    "pct3ResTime" : 4684.259999999999,
    "throughput" : 6.937699458859442,
    "receivedKBytesPerSec" : 723.9292229993409,
    "sentKBytesPerSec" : 6.124687803524352
  },
  "/bitrix/templates/aspro_max/js/setTheme.php-17" : {
    "transaction" : "/bitrix/templates/aspro_max/js/setTheme.php-17",
    "sampleCount" : 100,
    "errorCount" : 0,
    "errorPct" : 0.0,
    "meanResTime" : 761.09,
    "medianResTime" : 795.0,
    "minResTime" : 262.0,
    "maxResTime" : 1370.0,
    "pct1ResTime" : 1139.4,
    "pct2ResTime" : 1213.0499999999997,
    "pct3ResTime" : 1369.2199999999996,
    "throughput" : 8.426729586247577,
    "receivedKBytesPerSec" : 150.0023700176961,
    "sentKBytesPerSec" : 5.5629582034212515
  },
  "/catalog/-16" : {
    "transaction" : "/catalog/-16",
    "sampleCount" : 100,
    "errorCount" : 0,
    "errorPct" : 0.0,
    "meanResTime" : 2925.110000000002,
    "medianResTime" : 2787.5,
    "minResTime" : 1879.0,
    "maxResTime" : 4403.0,
    "pct1ResTime" : 3797.0,
    "pct2ResTime" : 4074.8499999999995,
    "pct3ResTime" : 4402.86,
    "throughput" : 7.562580352416245,
    "receivedKBytesPerSec" : 919.7327366378657,
    "sentKBytesPerSec" : 6.255376521969295
  },
  "/bitrix/templates/aspro_max/js/setTheme.php-19" : {
    "transaction" : "/bitrix/templates/aspro_max/js/setTheme.php-19",
    "sampleCount" : 100,
    "errorCount" : 0,
    "errorPct" : 0.0,
    "meanResTime" : 736.4199999999998,
    "medianResTime" : 789.5,
    "minResTime" : 94.0,
    "maxResTime" : 1347.0,
    "pct1ResTime" : 1117.9,
    "pct2ResTime" : 1247.4499999999996,
    "pct3ResTime" : 1346.1699999999996,
    "throughput" : 8.109642364771712,
    "receivedKBytesPerSec" : 144.35796975103398,
    "sentKBytesPerSec" : 5.472424681696538
  },
  "/delivery-payment/index.php-14" : {
    "transaction" : "/delivery-payment/index.php-14",
    "sampleCount" : 100,
    "errorCount" : 0,
    "errorPct" : 0.0,
    "meanResTime" : 1010.3299999999994,
    "medianResTime" : 1138.0,
    "minResTime" : 408.0,
    "maxResTime" : 1537.0,
    "pct1ResTime" : 1334.7,
    "pct2ResTime" : 1345.95,
    "pct3ResTime" : 1536.95,
    "throughput" : 10.49097775912715,
    "receivedKBytesPerSec" : 869.2049641995384,
    "sentKBytesPerSec" : 7.9809293694922365
  },
  "/-2" : {
    "transaction" : "/-2",
    "sampleCount" : 100,
    "errorCount" : 0,
    "errorPct" : 0.0,
    "meanResTime" : 4349.170000000002,
    "medianResTime" : 3904.5,
    "minResTime" : 2398.0,
    "maxResTime" : 8116.0,
    "pct1ResTime" : 6533.3,
    "pct2ResTime" : 7829.649999999995,
    "pct3ResTime" : 8114.289999999999,
    "throughput" : 10.767739851405189,
    "receivedKBytesPerSec" : 2184.2574802142776,
    "sentKBytesPerSec" : 8.633119548831699
  },
  "/upload/iblock/04b/ygy0pex9gp3ke59fpg53vugeaqft1py1.webp-13" : {
    "transaction" : "/upload/iblock/04b/ygy0pex9gp3ke59fpg53vugeaqft1py1.webp-13",
    "sampleCount" : 100,
    "errorCount" : 0,
    "errorPct" : 0.0,
    "meanResTime" : 659.1099999999999,
    "medianResTime" : 780.0,
    "minResTime" : 50.0,