{
  "HTTP Request-1" : {
    "transaction" : "HTTP Request-1",
    "sampleCount" : 1000,
    "errorCount" : 0,
    "errorPct" : 0.0,
    "meanResTime" : 24948.039000000004,
    "medianResTime" : 25661.0,
    "minResTime" : 2479.0,
    "maxResTime" : 66492.0,
    "pct1ResTime" : 38995.8,
    "pct2ResTime" : 40974.049999999996,
    "pct3ResTime" : 45411.06000000001,
    "throughput" : 14.915577829485114,
    "receivedKBytesPerSec" : 24331.138296305413,
    "sentKBytesPerSec" : 1.6605233130481476
  },
  "Total" : {
    "transaction" : "Total",
    "sampleCount" : 3000,
    "errorCount" : 0,
    "errorPct" : 0.0,
    "meanResTime" : 16762.523666666668,
    "medianResTime" : 19010.5,
    "minResTime" : 68.0,
    "maxResTime" : 66562.0,
    "pct1ResTime" : 36667.3,
    "pct2ResTime" : 40185.95,
    "pct3ResTime" : 43041.73999999999,
    "throughput" : 44.602369872585896,
    "receivedKBytesPerSec" : 48520.64160509062,
    "sentKBytesPerSec" : 6.6206642779619695
  },
  "HTTP Request-0" : {
    "transaction" : "HTTP Request-0",
    "sampleCount" : 1000,
    "errorCount" : 0,
    "errorPct" : 0.0,
    "meanResTime" : 184.51100000000002,
    "medianResTime" : 79.0,
    "minResTime" : 68.0,
    "maxResTime" : 1200.0,
    "pct1ResTime" : 221.0,
    "pct2ResTime" : 1172.7999999999997,
    "pct3ResTime" : 1193.99,
    "throughput" : 628.5355122564424,
    "receivedKBytesPerSec" : 324.7024277184161,
    "sentKBytesPerSec" : 69.97368007542427
  },
  "HTTP Request" : {
    "transaction" : "HTTP Request",
    "sampleCount" : 1000,
    "errorCount" : 0,
    "errorPct" : 0.0,
    "meanResTime" : 25155.021,
    "medianResTime" : 25875.5,
    "minResTime" : 3527.0,
    "maxResTime" : 66562.0,
    "pct1ResTime" : 39092.4,
    "pct2ResTime" : 41070.75,
    "pct3ResTime" : 45634.74000000001,
    "throughput" : 14.867456624195299,
    "receivedKBytesPerSec" : 24260.32080254531,
    "sentKBytesPerSec" : 3.3103321389809848
  }
}